Workbook

Sheet Contas a receber
A1: Contas a receber · outubro 2026
A2: Fonte: ERP, atualizado em 03/10/2026
A4: Cliente | B4: Documento | C4: Emissão | D4: Vencimento | E4: Valor | F4: Juros | G4: Total
A5: Acme Logística | B5: NF-4120 | C5: 46266 | D5: 46296 | E5: 12500 | F5: 0 | G5: =E5*(1+F5) -> 12500
A6: Nexo Saúde | B6: NF-4121 | C6: 46267 | D6: 46298 | E6: 8400 | F6: 0.02 | G6: =E6*(1+F6) -> 8568
A7: Vértice Engenharia | B7: NF-4122 | C7: 46268 | D7: 46300 | E7: 31200 | F7: 0 | G7: =E7*(1+F7) -> 31200
A8: Lumen Varejo | B8: NF-4123 | C8: 46269 | D8: 46302 | E8: 4300 | F8: 0.01 | G8: =E8*(1+F8) -> 4343
A9: Orbe Seguros | B9: NF-4124 | C9: 46270 | D9: 46304 | E9: 18900 | F9: 0 | G9: =E9*(1+F9) -> 18900
A10: Pátria Agro | B10: NF-4125 | C10: 46271 | D10: 46306 | E10: 7600 | F10: 0 | G10: =E10*(1+F10) -> 7600
A11: Rota Transportes | B11: NF-4126 | C11: 46272 | D11: 46308 | E11: 2900 | F11: 0.03 | G11: =E11*(1+F11) -> 2987
A12: Delta Têxtil | B12: NF-4127 | C12: 46273 | D12: 46310 | E12: 15400 | F12: 0 | G12: =E12*(1+F12) -> 15400
A13: Fator Educação | B13: NF-4128 | C13: 46274 | D13: 46312 | E13: 6100 | F13: 0 | G13: =E13*(1+F13) -> 6100
A14: Prisma Energia | B14: NF-4129 | C14: 46275 | D14: 46314 | E14: 42000 | F14: 0.015 | G14: =E14*(1+F14) -> 42630
A15: Aurora Foods | B15: NF-4130 | C15: 46276 | D15: 46316 | E15: 9800 | F15: 0 | G15: =E15*(1+F15) -> 9800
A16: Trilha Turismo | B16: NF-4131 | C16: 46277 | D16: 46318 | E16: 3500 | F16: 0 | G16: =E16*(1+F16) -> 3500
... A18: Nexo Saúde | B18: NF-4133 | C18: 46279 | D18: 46322 | E18: 5600 | F18: 0.02 | G18: =E18*(1+F18) -> 5712
A19: Total | E19: =SUM(E5:E18) -> 179400 | G19: =SUM(G5:G18) -> 180440

Sheet Resumo por cliente
A1: Cliente | B1: Títulos | C1: Em aberto
A2: Acme Logística | B2: =COUNTIF('Contas a receber'!A5:A18,A2) -> 2 | C2: =SUMIF('Contas a receber'!A5:A18,A2,'Contas a receber'!G5:G18) -> 23700
A3: Aurora Foods | B3: =COUNTIF('Contas a receber'!A5:A18,A3) -> 1 | C3: =SUMIF('Contas a receber'!A5:A18,A3,'Contas a receber'!G5:G18) -> 9800
A4: Delta Têxtil | B4: =COUNTIF('Contas a receber'!A5:A18,A4) -> 1 | C4: =SUMIF('Contas a receber'!A5:A18,A4,'Contas a receber'!G5:G18) -> 15400
A5: Fator Educação | B5: =COUNTIF('Contas a receber'!A5:A18,A5) -> 1 | C5: =SUMIF('Contas a receber'!A5:A18,A5,'Contas a receber'!G5:G18) -> 6100
A6: Lumen Varejo | B6: =COUNTIF('Contas a receber'!A5:A18,A6) -> 1 | C6: =SUMIF('Contas a receber'!A5:A18,A6,'Contas a receber'!G5:G18) -> 4343
A7: Nexo Saúde | B7: =COUNTIF('Contas a receber'!A5:A18,A7) -> 2 | C7: =SUMIF('Contas a receber'!A5:A18,A7,'Contas a receber'!G5:G18) -> 14280
A8: Orbe Seguros | B8: =COUNTIF('Contas a receber'!A5:A18,A8) -> 1 | C8: =SUMIF('Contas a receber'!A5:A18,A8,'Contas a receber'!G5:G18) -> 18900
A9: Prisma Energia | B9: =COUNTIF('Contas a receber'!A5:A18,A9) -> 1 | C9: =SUMIF('Contas a receber'!A5:A18,A9,'Contas a receber'!G5:G18) -> 42630
A10: Pátria Agro | B10: =COUNTIF('Contas a receber'!A5:A18,A10) -> 1 | C10: =SUMIF('Contas a receber'!A5:A18,A10,'Contas a receber'!G5:G18) -> 7600
A11: Rota Transportes | B11: =COUNTIF('Contas a receber'!A5:A18,A11) -> 1 | C11: =SUMIF('Contas a receber'!A5:A18,A11,'Contas a receber'!G5:G18) -> 2987
A12: Trilha Turismo | B12: =COUNTIF('Contas a receber'!A5:A18,A12) -> 1 | C12: =SUMIF('Contas a receber'!A5:A18,A12,'Contas a receber'!G5:G18) -> 3500
A13: Vértice Engenharia | B13: =COUNTIF('Contas a receber'!A5:A18,A13) -> 1 | C13: =SUMIF('Contas a receber'!A5:A18,A13,'Contas a receber'!G5:G18) -> 31200
